ID,Title,Award Category,Platform,Status,Expected Filename,File Size,File Path,URL
1,[TITANIUM + CREATIVE BUSINESS TRANSFORMATION + DIRECT] THREE WORDS – AXA (PUBLICIS CONSEIL PARIS),Grand Prix,YOUTUBE,Not Downloaded,ad_001.mp4,-,-,https://www.youtube.com/watch?v=pY-03zuV7mE
4,[TITANIUM + HEALTH & WELLNESS + SOCIAL & INFLUENCER] VASELINE VERIFIED – UNILEVER (OGILVY SINGAPORE),Grand Prix,VIMEO,Not Downloaded,ad_004.mp4,-,-,https://vimeo.com/1082798104?share=copy
5,[CREATIVE B2B] ACT LIKE YOU KNOW – GODADDY (QUALITY MEATS CREATIVE NEW YORK),Grand Prix,YOUTUBE,Downloaded,ad_005.mp4,10.1 MB,/Users/julieschiller/responsible-advertising-index/downloaded_ads/ad_005.mp4,https://www.youtube.com/watch?v=Psk5sR7KJTU
6,[CREATIVE STRATEGY + GLASS: THE LION FOR CHANGE] REAL BEAUTY: HOW A SOAP BRAND CREATED A GLOBAL SELF-ESTEEM MOVEMENT – DOVE (OGILVY LONDON),Grand Prix,YOUTUBE,Downloaded,ad_006.mp4,20.0 MB,/Users/julieschiller/responsible-advertising-index/downloaded_ads/ad_006.mp4,https://www.youtube.com/watch?v=puQ0PNZ1W-A
7,[ENTERTAINMENT LIONS FOR GAMING] CALL OF DISCOUNTS – MERCADO LIVRE (GUT SÃO PAULO),Grand Prix,VIMEO,Downloaded,ad_007.mp4,20.8 MB,/Users/julieschiller/responsible-advertising-index/downloaded_ads/ad_007.mp4,https://vimeo.com/1093409251?share=copy
8,[FILM] PARIS PARALYMPICS 2024: CONSIDERING WHAT? – CHANNEL 4 (BISCUIT FILMWORKS LONDON),Grand Prix,YOUTUBE,Downloaded,ad_008.mp4,23.1 MB,/Users/julieschiller/responsible-advertising-index/downloaded_ads/ad_008.mp4,https://www.youtube.com/watch?v=2np3KfLrA_M
9,[FILM] THE FINAL COPY OF ILON SPECHT – L’OREAL (MCCANN PARIS),Grand Prix,VIMEO,Downloaded,ad_009.mp4,26.7 MB,/Users/julieschiller/responsible-advertising-index/downloaded_ads/ad_009.mp4,https://vimeo.com/1094956645
10,[GRAND PRIX FOR GOOD + LIONS HEALTH GRAND PRIX FOR GOOD] THE BEST PLACE TO HAVE HERPES – THE NEW ZEALAND HERPES FOUNDATION (FINCH SYDNEY),Grand Prix,VIMEO,Downloaded,ad_010.mp4,14.1 MB,/Users/julieschiller/responsible-advertising-index/downloaded_ads/ad_010.mp4,https://vimeo.com/1083074994
11,[INDUSTRY CRAFT] NIGRUM CORPUS – IDOMED (ARTPLAN SÃO PAULO),Grand Prix,VIMEO,Downloaded,ad_011.mp4,31.5 MB,/Users/julieschiller/responsible-advertising-index/downloaded_ads/ad_011.mp4,https://vimeo.com/1089083708
12,"[INNOVATION] SOUNDS RIGHT – UN LIVE, SPOTIFY (AKQA COPENHAGEN)",Grand Prix,VIMEO,Downloaded,ad_012.mp4,10.2 MB,/Users/julieschiller/responsible-advertising-index/downloaded_ads/ad_012.mp4,https://vimeo.com/1094746280
13,[LUXURY & LIFESTYLE] THE PARTNERSHIP THAT CHANGED EVERYTHING – LVMH (HAVAS PLAY PARIS),Grand Prix,YOUTUBE,Not Downloaded,ad_013.mp4,-,-,https://www.youtube.com/watch?v=vpsibWyRnKw&ab_channel=PUBMagazine
14,[MEDIA] DOVE REAL BEAUTY REDEFINED FOR THE AI ERA – DOVE (MINDSHARE NEW YORK),Grand Prix,YOUTUBE,Downloaded,ad_014.mp4,13.4 MB,/Users/julieschiller/responsible-advertising-index/downloaded_ads/ad_014.mp4,https://www.youtube.com/watch?v=8vYoL8nga-A
15,[OUTDOOR] OLYMPIC GAMES OPENING CEREMONY PARIS 2024 – PARIS 2024 (PANAME 24),Grand Prix,VIMEO,Downloaded,ad_015.mp4,19.7 MB,/Users/julieschiller/responsible-advertising-index/downloaded_ads/ad_015.mp4,https://vimeo.com/1093757553
16,[PHARMA] MAKE LOVE LAST – VIATRIS (OGILVY SHANGHAI),Grand Prix,VIMEO,Downloaded,ad_016.mp4,26.3 MB,/Users/julieschiller/responsible-advertising-index/downloaded_ads/ad_016.mp4,https://vimeo.com/1086963204
17,[PR] LUCKY YATRA – INDIAN RAILWAYS (FCB INDIA),Grand Prix,YOUTUBE,Downloaded,ad_017.mp4,21.1 MB,/Users/julieschiller/responsible-advertising-index/downloaded_ads/ad_017.mp4,https://www.youtube.com/watch?v=19fzAvuFq0I
18,[PRINT & PUBLISHING] PRICE PACKS –  PENNY (SERVICEPLAN GERMANY),Grand Prix,YOUTUBE,Downloaded,ad_018.mp4,27.3 MB,/Users/julieschiller/responsible-advertising-index/downloaded_ads/ad_018.mp4,https://www.youtube.com/watch?v=wXx6z3mDnVc
19,[RADIO & AUDIO] ONE SECOND ADS – BUDWEISER (AFRICA CREATIVE DDB SÃO PAULO),Grand Prix,YOUTUBE,Downloaded,ad_019.mp4,17.3 MB,/Users/julieschiller/responsible-advertising-index/downloaded_ads/ad_019.mp4,https://www.youtube.com/watch?v=d-mtDQXtR6I
20,[SUSTAINABLE DEVELOPMENT GOALS] THE AMAZON GREENVENTORY – NATURA (AFRICA CREATIVE DDB SÃO PAULO),Grand Prix,VIMEO,Downloaded,ad_020.mp4,23.2 MB,/Users/julieschiller/responsible-advertising-index/downloaded_ads/ad_020.mp4,https://vimeo.com/1094885157/bfd07c550b
21,ABRACADABRA: FROM FAN TO FEATURED – MASTERCARD (MCCANN XBC NEW YORK),Grand Prix,VIMEO,Downloaded,ad_021.mp4,24.0 MB,/Users/julieschiller/responsible-advertising-index/downloaded_ads/ad_021.mp4,https://vimeo.com/1093143827
22,ADS COVER RENTS – BRAHMA (AFRICA CREATIVE DDB SÃO PAULO),Grand Prix,VIMEO,Downloaded,ad_022.mp4,20.2 MB,/Users/julieschiller/responsible-advertising-index/downloaded_ads/ad_022.mp4,https://vimeo.com/1081330332
23,AIRPODS PRO 2 HEARING AID FEATURE – APPLE (APPLE CUPERTINO),Grand Prix,VIMEO,Downloaded,ad_023.mp4,31.9 MB,/Users/julieschiller/responsible-advertising-index/downloaded_ads/ad_023.mp4,https://vimeo.com/1093371918
24,ARGENTINA – RENAULT (PUBLICIS CONSEIL PARIS),Grand Prix,YOUTUBE,Downloaded,ad_024.mp4,19.2 MB,/Users/julieschiller/responsible-advertising-index/downloaded_ads/ad_024.mp4,https://www.youtube.com/watch?v=_n5ZDERgrdc
25,COUPON RAIN – MERCADO LIVRE (GUT SÃO PAULO),Grand Prix,VIMEO,Downloaded,ad_025.mp4,20.0 MB,/Users/julieschiller/responsible-advertising-index/downloaded_ads/ad_025.mp4,https://vimeo.com/1093414319
26,DON’T DRINK HERTOG JAN – HERTOG JAN (GUT AMSTERDAM),Grand Prix,VIMEO,Downloaded,ad_026.mp4,21.2 MB,/Users/julieschiller/responsible-advertising-index/downloaded_ads/ad_026.mp4,https://vimeo.com/1003184179
27,DONKEY – TELSTRA (REVOLVER SYDNEY),Grand Prix,VIMEO,Downloaded,ad_027.mp4,28.9 MB,/Users/julieschiller/responsible-advertising-index/downloaded_ads/ad_027.mp4,https://vimeo.com/1028285893
28,DROPS OF HOPE –  KIMBERLEY CLARK (FCB NEW YORK),Grand Prix,VIMEO,Downloaded,ad_028.mp4,21.6 MB,/Users/julieschiller/responsible-advertising-index/downloaded_ads/ad_028.mp4,https://vimeo.com/1092193619
29,DUNGEONS&DRAGONS: THE LOST EPISODE – HASBRO (OGILVY SÃO PAULO),Grand Prix,VIMEO,Downloaded,ad_029.mp4,10.8 MB,/Users/julieschiller/responsible-advertising-index/downloaded_ads/ad_029.mp4,https://vimeo.com/1080276069
30,FICTIONAL INSURANCE – RCN/PRIME (DDB COLOMBIA),Grand Prix,YOUTUBE,Downloaded,ad_030.mp4,28.3 MB,/Users/julieschiller/responsible-advertising-index/downloaded_ads/ad_030.mp4,https://www.youtube.com/watch?v=oHlVfJyFf94
31,FIRST EVER LIVE COMMERCIAL CROSSOVER – ROCKET (ZENITH NEW YORK),Grand Prix,VIMEO,Downloaded,ad_031.mp4,26.6 MB,/Users/julieschiller/responsible-advertising-index/downloaded_ads/ad_031.mp4,https://vimeo.com/1094573712/bc9ab24fda
32,GULF OF MEXICO BAR – TECATE (LEPUB MEXICO CITY),Grand Prix,VIMEO,Downloaded,ad_032.mp4,22.2 MB,/Users/julieschiller/responsible-advertising-index/downloaded_ads/ad_032.mp4,https://vimeo.com/1092263623
33,"HERALBONY – HERALBONY (HERALBONY CO., LTD., IWATE PREFECTURE)",Grand Prix,VIMEO,Downloaded,ad_033.mp4,12.3 MB,/Users/julieschiller/responsible-advertising-index/downloaded_ads/ad_033.mp4,https://vimeo.com/1093399082
34,HIDDEN TAGS – IKEA (UZINA LISBON),Grand Prix,VIMEO,Downloaded,ad_034.mp4,12.2 MB,/Users/julieschiller/responsible-advertising-index/downloaded_ads/ad_034.mp4,https://vimeo.com/1087698212
35,HUMANIMAL TOURISM – PROCOLOMBIA (DDB COLOMBIA),Grand Prix,YOUTUBE,Downloaded,ad_035.mp4,24.8 MB,/Users/julieschiller/responsible-advertising-index/downloaded_ads/ad_035.mp4,https://www.youtube.com/watch?v=1r6DMx0FOYk
36,KYIKATEJÊ – GAVIÃO KYIKATEJÊ FOOTBALL CLUB (AREA 23 NEW YORK),Grand Prix,VIMEO,Not Downloaded,ad_036.mp4,-,-,https://vimeo.com/1080359037
37,LATE CHECKOUT: A RITZ-CARLTON STORY – THE RITZ-CARLTON (LITTLE SPAIN MADRID),Grand Prix,VIMEO,Downloaded,ad_037.mp4,27.7 MB,/Users/julieschiller/responsible-advertising-index/downloaded_ads/ad_037.mp4,https://vimeo.com/1094659374
38,LESSONS OF SHAME – WORLD VISION (HAVAS COSTA RICA),Grand Prix,YOUTUBE,Downloaded,ad_038.mp4,21.0 MB,/Users/julieschiller/responsible-advertising-index/downloaded_ads/ad_038.mp4,https://www.youtube.com/watch?v=YrNH2-6vqZo
39,LET THERE BE CAKE – KFC (BANANAS JOHANNESBURG),Grand Prix,YOUTUBE,Downloaded,ad_039.mp4,22.2 MB,/Users/julieschiller/responsible-advertising-index/downloaded_ads/ad_039.mp4,https://www.youtube.com/watch?v=kdDvwt3L3iA
40,NO LABELS – NIKKA WHISKY (DENTSU INC. TOKYO),Grand Prix,VIMEO,Downloaded,ad_040.mp4,26.3 MB,/Users/julieschiller/responsible-advertising-index/downloaded_ads/ad_040.mp4,https://vimeo.com/1094008740
41,OBSESSION – GENERAL ENTERTAINMENT AUTHORITY (BIGTIME CREATIVE SHOP RIYADH),Grand Prix,YOUTUBE,Downloaded,ad_041.mp4,28.9 MB,/Users/julieschiller/responsible-advertising-index/downloaded_ads/ad_041.mp4,https://www.youtube.com/watch?v=PdcUQwAtDDs
42,PROGRESSO SOUP DROPS – PROGRESSO (EDELMAN NEW YORK),Grand Prix,VIMEO,Downloaded,ad_042.mp4,18.5 MB,/Users/julieschiller/responsible-advertising-index/downloaded_ads/ad_042.mp4,https://vimeo.com/1094573277/26a48f4e07
43,RAISE YOUR BANNERS – HBO MAX (GIANT SPOON NEW YORK),Grand Prix,VIMEO,Downloaded,ad_043.mp4,12.6 MB,/Users/julieschiller/responsible-advertising-index/downloaded_ads/ad_043.mp4,https://vimeo.com/998236877
44,RECIPE FOR GROWTH – IFOOD (DM9 SÃO PAULO),Grand Prix,VIMEO,Downloaded,ad_044.mp4,21.5 MB,/Users/julieschiller/responsible-advertising-index/downloaded_ads/ad_044.mp4,https://vimeo.com/1080197730
45,RESALE – BUDWEISER (AFRICA CREATIVE DDB SÃO PAULO),Grand Prix,VIMEO,Downloaded,ad_045.mp4,7.1 MB,/Users/julieschiller/responsible-advertising-index/downloaded_ads/ad_045.mp4,https://vimeo.com/1079571158
46,RESEARCH MY BODY – GRUPO BOTICÁRIO (GUT SÃO PAULO),Grand Prix,VIMEO,Downloaded,ad_046.mp4,25.2 MB,/Users/julieschiller/responsible-advertising-index/downloaded_ads/ad_046.mp4,https://vimeo.com/1091039142
47,SAD KAMA-CHAN – B&Q (GREY THAILAND BANGKOK),Grand Prix,YOUTUBE,Downloaded,ad_047.mp4,11.5 MB,/Users/julieschiller/responsible-advertising-index/downloaded_ads/ad_047.mp4,https://www.youtube.com/watch?v=h7MYlQFAKMg
48,SHADES OF RED – COCA COLA (DAVID MADRID),Grand Prix,YOUTUBE,Downloaded,ad_048.mp4,16.7 MB,/Users/julieschiller/responsible-advertising-index/downloaded_ads/ad_048.mp4,https://www.youtube.com/watch?v=pisbM3uEb6Y&embeds_referring_euri=https%3A%2F%2Fjose-sancho.com%2F&source_ve_path=MjM4NTE
49,SIGHTWALKS – SOL CEMENT (CIRCUS GREY LIMA),Grand Prix,YOUTUBE,Downloaded,ad_049.mp4,27.4 MB,/Users/julieschiller/responsible-advertising-index/downloaded_ads/ad_049.mp4,https://www.youtube.com/watch?v=IRuDOllWc-E
50,SIGNED BY FANATICS – FANATICS (FANATICS NEW YORK),Grand Prix,VIMEO,Downloaded,ad_050.mp4,23.4 MB,/Users/julieschiller/responsible-advertising-index/downloaded_ads/ad_050.mp4,https://vimeo.com/1094224675/e914bbd69e
51,SPREADBEATS – SPOTIFY (FCB NEW YORK),Grand Prix,YOUTUBE,Downloaded,ad_051.mp4,29.4 MB,/Users/julieschiller/responsible-advertising-index/downloaded_ads/ad_051.mp4,https://www.youtube.com/watch?v=Zc-U6PM9ilE&ab_channel=spotifyads
52,STREAMING BARS – HEINEKEN (LEPUB MILAN),Grand Prix,YOUTUBE,Downloaded,ad_052.mp4,23.9 MB,/Users/julieschiller/responsible-advertising-index/downloaded_ads/ad_052.mp4,https://www.youtube.com/watch?app=desktop&v=VNq1oogkrYk
53,SUN RESERVE – CORONA (GREY SÃO PAULO),Grand Prix,VIMEO,Downloaded,ad_053.mp4,16.6 MB,/Users/julieschiller/responsible-advertising-index/downloaded_ads/ad_053.mp4,https://vimeo.com/1091835567
54,SWEET SUSPICION-A DELICIOUSLY FESTIVE WHODUNNIT – WAITROSE & PARTNERS (MANNING GOTTLIEB OMD LONDON),Grand Prix,VIMEO,Downloaded,ad_054.mp4,21.1 MB,/Users/julieschiller/responsible-advertising-index/downloaded_ads/ad_054.mp4,https://vimeo.com/1094573954/223891f06a
55,TAILOR TEST – ACKO (LEO MUMBAI),Grand Prix,VIMEO,Not Downloaded,ad_055.mp4,-,-,https://vimeo.com/1094378591
56,THE 4TH JUDGE – THE RING (BIGTIME CREATIVE SAUDI ARABIA),Grand Prix,VIMEO,Downloaded,ad_056.mp4,19.0 MB,/Users/julieschiller/responsible-advertising-index/downloaded_ads/ad_056.mp4,https://vimeo.com/1056470221
57,THE COUNT – SICKKIDS FOUNDATION (FCB TORONTO),Grand Prix,YOUTUBE,Downloaded,ad_057.mp4,27.3 MB,/Users/julieschiller/responsible-advertising-index/downloaded_ads/ad_057.mp4,https://www.youtube.com/watch?v=qNF34ZROR8s
58,THE EVERYDAY TACTICIAN – XBOX (MCCANN LONDON),Grand Prix,YOUTUBE,Downloaded,ad_058.mp4,14.0 MB,/Users/julieschiller/responsible-advertising-index/downloaded_ads/ad_058.mp4,https://www.youtube.com/watch?v=elq83mERXv0
59,THE HIDDEN EYE TEST – 1001 OPTOMETRY (VML SYDNEY),Grand Prix,VIMEO,Downloaded,ad_059.mp4,19.9 MB,/Users/julieschiller/responsible-advertising-index/downloaded_ads/ad_059.mp4,https://vimeo.com/1077848029
60,THE KIMBERLY PRICE – PLAZA VEA (FAHRENHEIT DDB LIMA),Grand Prix,YOUTUBE,Downloaded,ad_060.mp4,46.4 MB,/Users/julieschiller/responsible-advertising-index/downloaded_ads/ad_060.mp4,https://www.youtube.com/watch?v=pPAGka7S4_o
61,THE MISHEARD VERSION – SPECSAVERS (GOLIN LONDON),Grand Prix,YOUTUBE,Not Downloaded,ad_061.mp4,-,-,https://www.youtube.com/watch?v=EgNb0LQxm84&t=1s
62,THE REWARDS BAG – TATA (VML MONTEVIDEO),Grand Prix,YOUTUBE,Not Downloaded,ad_062.mp4,-,-,https://www.youtube.com/watch?v=RzJQ1TVItHI
63,THE SECOND RELEASE – BILLBOARD ARABIA (SRMG LABS RIYADH),Grand Prix,YOUTUBE,Downloaded,ad_063.mp4,26.4 MB,/Users/julieschiller/responsible-advertising-index/downloaded_ads/ad_063.mp4,https://www.youtube.com/watch?v=sH5Jk7ywBLc
64,TIDE COLLATERAL STAIN STORIES – TIDE (SAATCHI & SAATCHI NEW YORK),Grand Prix,VIMEO,Not Downloaded,ad_064.mp4,-,-,https://vimeo.com/1078053795
65,TREE CORRESPONDENTS – HYUNDAI (FCB NEW YORK),Grand Prix,VIMEO,Not Downloaded,ad_065.mp4,-,-,https://vimeo.com/1092193263
66,UN.PATENT – RENAULT (PUBLICIS CONSEIL PARIS),Grand Prix,YOUTUBE,Not Downloaded,ad_066.mp4,-,-,https://www.youtube.com/watch?v=qVfIMMF1CEo
67,WINTER TAKES ON COLORS – MCDONALD’S (DDB WARSAW),Grand Prix,YOUTUBE,Not Downloaded,ad_067.mp4,-,-,https://www.youtube.com/watch?v=qcSHtBgAB6o
68,‘TIL I DIED – BRITISH HEART FOUNDATION (SAATCHI & SAATCHI LONDON),Grand Prix,VIMEO,Not Downloaded,ad_068.mp4,-,-,https://vimeo.com/1060884961
69,#SHARETHELOAD 10 YEARS – PROCTER & GAMBLE (BBDO INDIA MUMBAI),Grand Prix,VIMEO,Not Downloaded,ad_069.mp4,-,-,https://vimeo.com/1090625805
70,100 YEARS OF MEISTERSTÜCK – MONTBLANC INTERNATIONAL GMBH (SOLOMON WINTER HAMBURG),Grand Prix,YOUTUBE,Not Downloaded,ad_070.mp4,-,-,https://www.youtube.com/watch?v=tUSRyAha37w
71,1837 TIFFANY BLUE CONSERVATION – TIFFANY & CO. (L&C NEW YORK),Grand Prix,YOUTUBE,Not Downloaded,ad_071.mp4,-,-,https://www.youtube.com/watch?v=_JhBOf0OJrQ
72,1837 TIFFANY BLUE CONSERVATION – TIFFANY & CO (L&C NEW YORK),Grand Prix,YOUTUBE,Not Downloaded,ad_072.mp4,-,-,https://www.youtube.com/watch?v=npGswWNcZC8
74,ANNAHAR’S ACTIVE JOURNALISM – ANNAHAR (IMPACT BBDO DUBAI),Grand Prix,VIMEO,Not Downloaded,ad_074.mp4,-,-,https://vimeo.com/1094885200/2225619ba7
76,BABY MINDER – EUROFARMA (OGILVY HEALTH NEW YORK),Grand Prix,VIMEO,Not Downloaded,ad_076.mp4,-,-,https://vimeo.com/1081167145
77,"BACK HOME – IMPERIAL (JOYSTICK, FIFCO SAN JOSE)",Grand Prix,YOUTUBE,Not Downloaded,ad_077.mp4,-,-,https://www.youtube.com/watch?v=eldXt2qk7Aw
79,BRING KOREA TO THE WORLD – NETFLIX (NETFLIX LOS ANGELES),Grand Prix,VIMEO,Not Downloaded,ad_079.mp4,-,-,https://vimeo.com/1094609025
80,BUILDING A MORE RESILIENT AUSTRALIA – SUNCORP (LEO SYDNEY),Grand Prix,VIMEO,Not Downloaded,ad_080.mp4,-,-,https://vimeo.com/1094885092/740ca01ef6
81,BUMPBOARDS – CITROEN (BETC PARIS),Grand Prix,YOUTUBE,Not Downloaded,ad_081.mp4,-,-,https://www.youtube.com/watch?v=Qh8iW06HWYI
82,CALL BACK SERVICE – EXPORT ULTRA (CARAT & SPECIAL AUCKLAND),Grand Prix,YOUTUBE,Not Downloaded,ad_082.mp4,-,-,https://www.youtube.com/watch?v=EMZYDpxI_KI
83,CHOOSE UBER – HEETCH (BETC PARIS),Grand Prix,YOUTUBE,Not Downloaded,ad_083.mp4,-,-,https://www.youtube.com/watch?v=l9rO0yGTLEM
84,CODE MY CROWN – DOVE (EDELMAN LONDON),Grand Prix,YOUTUBE,Not Downloaded,ad_084.mp4,-,-,https://www.youtube.com/watch?v=cWOA7eUk1Bw
86,COLD ACTIVATED ANNOUNCERS – COORS LIGHT (ALMA MIAMI),Grand Prix,VIMEO,Not Downloaded,ad_086.mp4,-,-,https://vimeo.com/1085086975
89,EVERYTHING COVERED: 100 YEARS OF THE NEW YORKER – THE NEW YORKER (LETRUC NEW YORK),Grand Prix,YOUTUBE,Not Downloaded,ad_089.mp4,-,-,https://www.youtube.com/watch?v=ZNXawJuIkMY
90,FIXABLES – PHILIPS (LEPUB AMSTERDAM),Grand Prix,VIMEO,Not Downloaded,ad_090.mp4,-,-,https://vimeo.com/1093399093
91,FOLLOWERS STORE – NEW BALANCE (LEPUB SÃO PAULO),Grand Prix,VIMEO,Not Downloaded,ad_091.mp4,-,-,https://vimeo.com/1090614137
93,FROM HURT TO HIT – BRAHMA (AFRICA CREATIVE DDB SÃO PAULO),Grand Prix,VIMEO,Not Downloaded,ad_093.mp4,-,-,https://vimeo.com/1081566541
94,HEALTH IS – BUPA HEALTH INSURANCE (INITIATIVE MEDIA NEW YORK / MOMENTUM LONDON),Grand Prix,VIMEO,Not Downloaded,ad_094.mp4,-,-,https://vimeo.com/1065929468
95,HEALTH TRACKER – ELEA LABORATORY (VML BUENOS AIRES),Grand Prix,YOUTUBE,Not Downloaded,ad_095.mp4,-,-,https://www.youtube.com/watch?v=uMCZkFghs_w
96,HIGH ENERGY INTERN – FUSION ENERGY DRINK (DAVID MADRID),Grand Prix,VIMEO,Not Downloaded,ad_096.mp4,-,-,https://vimeo.com/1093833122
97,IN HOT WATER – WORLD WILDLIFE FUND (NOMINT LONDON),Grand Prix,VIMEO,Not Downloaded,ad_097.mp4,-,-,https://vimeo.com/1028875237
98,IS IT EVEN A CITY? – VISIT OSLO (NEWSLAB OSLO),Grand Prix,YOUTUBE,Not Downloaded,ad_098.mp4,-,-,https://www.youtube.com/watch?v=8vhD59ac7nw
99,IT’S A CHEETOS THING – CHEETOS (GOODBY SILVERSTEIN & PARTNERS SAN FRANCISCO),Grand Prix,VIMEO,Not Downloaded,ad_099.mp4,-,-,https://vimeo.com/1094791063/08d1ef48b6
101,LAP OF LEGENDS – MICHELOB ULTRA (FCB NEW YORK),Grand Prix,VIMEO,Not Downloaded,ad_101.mp4,-,-,https://vimeo.com/943372451
102,LAY’S BAR CRAWL – LAY’S (SLAP GLOBAL BUENOS AIRES),Grand Prix,YOUTUBE,Not Downloaded,ad_102.mp4,-,-,https://www.youtube.com/watch?v=HHZjLH4UCS0
103,LEARN KOREAN OR ELSE – DUOLINGO (NETFLIX LOS ANGELES),Grand Prix,VIMEO,Not Downloaded,ad_103.mp4,-,-,https://vimeo.com/1043774871
104,LEGACY LAGER – LEGACY AUSTRALIA (VML SYDNEY),Grand Prix,VIMEO,Not Downloaded,ad_104.mp4,-,-,https://vimeo.com/1087794273
105,LIFE DONOR CARD – MASTERCARD (MRM FRANKFURT),Grand Prix,YOUTUBE,Not Downloaded,ad_105.mp4,-,-,https://www.youtube.com/watch?v=pe-7cdkH2dA
106,LIFE QUALITY INSURANCE – GREATER COPENHAGEN REGION (OGILVY COPENHAGEN),Grand Prix,VIMEO,Not Downloaded,ad_106.mp4,-,-,https://vimeo.com/1072467811
107,LONG-TERM – RENAULT (PUBLICIS CONSEIL PARIS),Grand Prix,VIMEO,Not Downloaded,ad_107.mp4,-,-,https://vimeo.com/1094885296/fb7ef83640
108,LOVE CAPTURED – THE EXODUS ROAD (KLICK HEALTH TORONTO),Grand Prix,VIMEO,Not Downloaded,ad_108.mp4,-,-,https://vimeo.com/1092244065
109,MACCIE – MCDONALD’S (TBWA\NEBOKO AMSTERDAM),Grand Prix,VIMEO,Not Downloaded,ad_109.mp4,-,-,https://vimeo.com/1076319737
110,MEET ME AT THE COKE SIGN – COCA-COLA (OGILVY SYDNEY),Grand Prix,VIMEO,Not Downloaded,ad_110.mp4,-,-,https://vimeo.com/1084452770
111,ME FEAT. ME – NOSOTRAS (DDB SANTIAGO),Grand Prix,VIMEO,Not Downloaded,ad_111.mp4,-,-,https://vimeo.com/1093833141
112,MOMENTS – VOLVO (STENDAHLS GOTHENBURG),Grand Prix,YOUTUBE,Not Downloaded,ad_112.mp4,-,-,https://www.youtube.com/watch?v=cQX-QXxwGvA
113,NO MORE HIPPOCRITES – WISP (WISP SAN FRANCISCO),Grand Prix,VIMEO,Not Downloaded,ad_113.mp4,-,-,https://vimeo.com/1093833225
114,NOTES ON NOTES – CAPITAL BANK (ADPRO & IMPACT BBDO DUBAI),Grand Prix,VIMEO,Not Downloaded,ad_114.mp4,-,-,https://vimeo.com/1093833076
115,PIXVERTISING – BURGER KING (ALMAPBBDO SÃO PAULO),Grand Prix,VIMEO,Not Downloaded,ad_115.mp4,-,-,https://vimeo.com/1081470031
116,PROJECT: MEMORY CARD – PLAYSTATION (SIX INC/HAKUHODO TOKYO),Grand Prix,VIMEO,Not Downloaded,ad_116.mp4,-,-,https://vimeo.com/1094223404/c800bd6483
117,PUBLIC MONEY ATM – MASTERCARD (MCCANN POLAND),Grand Prix,VIMEO,Not Downloaded,ad_117.mp4,-,-,https://vimeo.com/1083554049
118,PUB SUCCESSION – HEINEKEN (LEPUB MILAN),Grand Prix,VIMEO,Not Downloaded,ad_118.mp4,-,-,https://vimeo.com/1082873947
119,RECIPE FOR CHANGE – ARLA (FP7 MCCANN DUBAI),Grand Prix,VIMEO,Not Downloaded,ad_119.mp4,-,-,https://vimeo.com/1078926878
120,REFURB – PHILIPS (LEPUB AMSTERDAM),Grand Prix,YOUTUBE,Not Downloaded,ad_120.mp4,-,-,https://www.youtube.com/watch?v=sJXFLk5wvcQ
121,REPORT THIS AD – VERIS (PARADAIS DDB GUAYAQUIL),Grand Prix,YOUTUBE,Not Downloaded,ad_121.mp4,-,-,https://www.youtube.com/watch?v=hyWYqBMUTk8
123,RUNNING IN FEAR – ALMA PRETA (LEW’LARA\TBWA SÃO PAULO),Grand Prix,YOUTUBE,Not Downloaded,ad_123.mp4,-,-,https://www.youtube.com/watch?v=mgBubkLmF-g
124,SAFER PHONE – ORANGE (PUBLICIS CONSEIL PARIS),Grand Prix,YOUTUBE,Not Downloaded,ad_124.mp4,-,-,https://www.youtube.com/watch?v=AbLLBcDM064
125,SEVERANCE S2 – APPLE (IN-HOUSE),Grand Prix,YOUTUBE,Not Downloaded,ad_125.mp4,-,-,https://www.youtube.com/watch?v=TUEfoa3nmJk
126,SNITCH – AXION (GUT BUENOS AIRES),Grand Prix,VIMEO,Not Downloaded,ad_126.mp4,-,-,https://vimeo.com/1084058452
127,SO MANY DICKS – E.L.F. BEAUTY (E.L.F. COSMETICS NEW YORK),Grand Prix,YOUTUBE,Not Downloaded,ad_127.mp4,-,-,https://www.youtube.com/watch?v=-koo15C3nYI
128,SPEED COUPONS – MERCADO LIVRE (GUT SÃO PAULO),Grand Prix,VIMEO,Not Downloaded,ad_128.mp4,-,-,https://vimeo.com/1093414833
129,STREETNAV – STREETCO (HAVAS PARIS),Grand Prix,VIMEO,Not Downloaded,ad_129.mp4,-,-,https://vimeo.com/1093372618
130,SUNSHINE – NIKE (TRAFIK SANTA MONICA),Grand Prix,YOUTUBE,Not Downloaded,ad_130.mp4,-,-,https://www.youtube.com/watch?v=qvFnf2EEd20
131,TAKEOFF TAKEOVER – CATHAY GROUP (LEO MUMBAI),Grand Prix,YOUTUBE,Not Downloaded,ad_131.mp4,-,-,https://www.youtube.com/watch?v=vPK3k8dYrSk
132,THANKS FOR COKE-CREATING – COCA COLA (VML NEW YORK),Grand Prix,YOUTUBE,Not Downloaded,ad_132.mp4,-,-,https://www.youtube.com/watch?v=yOy9wkTqOCc
133,THE 100% HOME COMPOSTABLE STICKER – ZESPRI (GREY SÃO PAULO),Grand Prix,VIMEO,Not Downloaded,ad_133.mp4,-,-,https://vimeo.com/1094224721/8c1468ef06
134,THE DEATH OF DUO – DUOLINGO (IN-HOUSE),Grand Prix,VIMEO,Not Downloaded,ad_134.mp4,-,-,https://vimeo.com/1094581252/8afcb39440
135,THE DESK BREAK CLAUSE – ASICS (GOLIN LONDON),Grand Prix,VIMEO,Not Downloaded,ad_135.mp4,-,-,https://vimeo.com/1086029094
136,THE ORDINARY LIFE HEARING TEST – THE FOUNDATION FOR THE DEAF (CJ WORX BANGKOK),Grand Prix,YOUTUBE,Not Downloaded,ad_136.mp4,-,-,https://www.youtube.com/watch?v=-FHyIakCLE4
137,THE PRINCESS AND THE CROWN – SUNSILK (SOKO SÃO PAULO),Grand Prix,VIMEO,Not Downloaded,ad_137.mp4,-,-,https://vimeo.com/949900539
138,THE RAREST STARS SHINE BRIGHTEST – MONTEFIORE EINSTEIN (ALTO NEW YORK),Grand Prix,VIMEO,Not Downloaded,ad_138.mp4,-,-,https://vimeo.com/1056957344
139,THE SHADED ROUTE – HUNGERSTATION (VML RIYADH),Grand Prix,YOUTUBE,Not Downloaded,ad_139.mp4,-,-,https://www.youtube.com/watch?v=5cGxg-wRzsE
140,THE SHOOTING – LA UNIÓN NEWSPAPER (GREY MEXICO),Grand Prix,YOUTUBE,Not Downloaded,ad_140.mp4,-,-,https://www.youtube.com/watch?v=-saAXmItj_U
141,THE SOCIAL FEED – HUNGERSTATION (VML DUBAI),Grand Prix,VIMEO,Not Downloaded,ad_141.mp4,-,-,https://vimeo.com/1075735593
142,TIME TO LIVE – AUSTRALIAN CANCER RESEARCH FOUNDATION (THE MINISTRY FOR COMMUNICATION & THE ARTS COOGEE),Grand Prix,VIMEO,Not Downloaded,ad_142.mp4,-,-,https://vimeo.com/1015552171
143,TOO YUMM TO CHEER! – TOO YUMM! (FCB KINNECT MUMBAI),Grand Prix,VIMEO,Not Downloaded,ad_143.mp4,-,-,https://vimeo.com/1092206809
144,UNWRAP IT – CORNETTO (LOLA MULLENLOWE MADRID),Grand Prix,VIMEO,Not Downloaded,ad_144.mp4,-,-,https://vimeo.com/1083762169
145,WARREN – APPLE (APPLE CUPERTINO),Grand Prix,YOUTUBE,Not Downloaded,ad_145.mp4,-,-,https://www.youtube.com/watch?v=3m0MoYKwVTM
146,18 MONTHS – SECOND NURTURE (KLICK HEALTH TORONTO),Grand Prix,VIMEO,Not Downloaded,ad_146.mp4,-,-,https://vimeo.com/1092249009
147,250 REASONS NOT TO BUY THE MERCEDES-AMG PURESPEED – MERCEDES BENZ (TEAM X BERLIN),Grand Prix,VIMEO,Not Downloaded,ad_147.mp4,-,-,https://vimeo.com/1094331871
148,AIRBNB ICONS – AIRBNB (WEBER SHANDWICK NEW YORK),Grand Prix,VIMEO,Not Downloaded,ad_148.mp4,-,-,https://vimeo.com/1094578684/823254222b
149,AM I A BAD PERSON – NIKE (WIEDEN+KENNEDY PORTLAND),Grand Prix,YOUTUBE,Not Downloaded,ad_149.mp4,-,-,https://www.youtube.com/watch?v=pwLergHG81c
150,ANTENAGUILA – AGUILA (DAVID BUENOS AIRES),Grand Prix,YOUTUBE,Not Downloaded,ad_150.mp4,-,-,https://www.youtube.com/watch?v=ydC7JlDo0z8
151,A STONE ONLY ROLLS DOWNHILL – OK GO (PARK PICTURES NEW YORK),Grand Prix,YOUTUBE,Not Downloaded,ad_151.mp4,-,-,https://www.youtube.com/watch?v=MOEULOSVNK4
152,BACHELOR – TV SHOW (STARLIGHTMEDIA KYIV),Grand Prix,YOUTUBE,Not Downloaded,ad_152.mp4,-,-,https://www.youtube.com/watch?v=fDp5aDsp5QM
153,BACKING THE BARS – HEINEKEN (LEPUB MILAN),Grand Prix,YOUTUBE,Not Downloaded,ad_153.mp4,-,-,https://www.youtube.com/watch?v=r2mR8LV53PE
154,BAD LUCK REVERSER – REFISAL (VML NEW YORK),Grand Prix,YOUTUBE,Not Downloaded,ad_154.mp4,-,-,https://www.youtube.com/watch?v=4OaN00EWwWg
155,BAIT BOARDS – MERCADO ADS (GUT BUENOS AIRES),Grand Prix,YOUTUBE,Not Downloaded,ad_155.mp4,-,-,https://www.youtube.com/watch?v=hLdCk8nEFcg
156,BASSI VS MEN’S FACEWASH – GARNIER L’OREAL (BBH MUMBAI),Grand Prix,VIMEO,Not Downloaded,ad_156.mp4,-,-,https://vimeo.com/1084518468
157,BAZ BOX – SPECIAL K (MSL NEW YORK),Grand Prix,VIMEO,Not Downloaded,ad_157.mp4,-,-,https://vimeo.com/1038385052
158,BODY SWAP – NETFLIX (AKQA AUCKLAND),Grand Prix,VIMEO,Not Downloaded,ad_158.mp4,-,-,https://vimeo.com/1088570858
159,BOXED ADS – MERCADOLIBRE (GUT BUENOS AIRES),Grand Prix,YOUTUBE,Not Downloaded,ad_159.mp4,-,-,https://www.youtube.com/watch?v=2t2ysywk3do
160,BUILDING FUTURES – MRV (DM9 SÃO PAULO),Grand Prix,VIMEO,Not Downloaded,ad_160.mp4,-,-,https://vimeo.com/1086909960
161,CALL ME WHEN YOU NEED ME – VIVO (HAVAS BEIJING),Grand Prix,VIMEO,Not Downloaded,ad_161.mp4,-,-,https://vimeo.com/1090341135
162,CATS LOSE THEIR COOL | DJ CAT – TEMPTATIONS (ADAM&EVEDDB LONDON),Grand Prix,YOUTUBE,Not Downloaded,ad_162.mp4,-,-,https://www.youtube.com/watch?v=s5iVbNCmAJg
164,CHEERING FOR THE RAIN – SENNA POR AYRTON (ARTPLAN SÃO PAULO),Grand Prix,VIMEO,Not Downloaded,ad_164.mp4,-,-,https://vimeo.com/1094223352/c022d1bfb5
165,CHILD WEDDING CARDS – UN WOMEN (IMPACT BBDO DUBAI),Grand Prix,YOUTUBE,Not Downloaded,ad_165.mp4,-,-,https://www.youtube.com/watch?v=G_dzr4SJqjY
166,"COORS LIGHT, COORS LIGHT – COORS LIGHT (DROGA5 NEW YORK)",Grand Prix,VIMEO,Not Downloaded,ad_166.mp4,-,-,https://vimeo.com/1064154466
167,DANCING WASHERS – WHIRLPOOL (VML MEXICO CITY),Grand Prix,YOUTUBE,Not Downloaded,ad_167.mp4,-,-,https://www.youtube.com/watch?v=y1x9FxIUVMs
169,DON’T CALL IT LOVE – YVES SAINT LAURENT BEAUTE (BETC FULLSIX),Grand Prix,YOUTUBE,Not Downloaded,ad_169.mp4,-,-,https://www.youtube.com/watch?v=eBnKDL57i7Y
170,DON’T STOP MOTION – CENABAST (VML SANTIAGO),Grand Prix,YOUTUBE,Not Downloaded,ad_170.mp4,-,-,https://www.youtube.com/watch?v=8NxoqgLXy2E
171,DOVE LOVE YOUR HAIR – UNILEVER (EDELMAN NEW YORK),Grand Prix,VIMEO,Not Downloaded,ad_171.mp4,-,-,https://vimeo.com/1093399067
172,DRINKABLE ANTHEM – SUPER BOCK (JUDAS LISBON),Grand Prix,VIMEO,Not Downloaded,ad_172.mp4,-,-,https://vimeo.com/1085986719
173,EMOJI COKE – COCA-COLA (VML NEW YORK),Grand Prix,VIMEO,Not Downloaded,ad_173.mp4,-,-,https://vimeo.com/1094885234/db5f5aad0b
174,EVERYBODY’S BUSINESS – LINKEDIN (LINKEDIN DUBLIN),Grand Prix,VIMEO,Not Downloaded,ad_174.mp4,-,-,https://vimeo.com/1094885255/793d3aa7b3
175,EVERYTHING OR NOTHING – RIYADH SEASON (BIGTIME CREATIVE SHOP RIYADH),Grand Prix,VIMEO,Not Downloaded,ad_175.mp4,-,-,https://vimeo.com/987240751
176,FC25 – EA SPORTS FC (UNCOMMON CREATIVE STUDIO LONDON),Grand Prix,VIMEO,Not Downloaded,ad_176.mp4,-,-,https://vimeo.com/1094221714/776080ab24
177,FIELDS OF GLORY – PILSEN BEER (MONKS BOGOTÁ),Grand Prix,YOUTUBE,Not Downloaded,ad_177.mp4,-,-,https://www.youtube.com/watch?v=3nAP3n43rok
178,"FILTER CAPS – FILSA COLOMBIA (OGILVY COLOMBIA, BOGOTÁ)",Grand Prix,YOUTUBE,Not Downloaded,ad_178.mp4,-,-,https://www.youtube.com/watch?v=I60bNRM2UhM
179,FLAGS OF UNITY – AMREF (EDELMAN LONDON),Grand Prix,YOUTUBE,Not Downloaded,ad_179.mp4,-,-,https://www.youtube.com/watch?v=Vddqdo02OOQ
180,FOUR SEASONS BABY – FOUR SEASONS ORLANDO (WE ARE SOCIAL),Grand Prix,VIMEO,Not Downloaded,ad_180.mp4,-,-,https://vimeo.com/1058771553
181,GARUDA RAKSHAK – DSP MUTUAL FUNDS (DENTSU CREATIVE GURGAON),Grand Prix,YOUTUBE,Not Downloaded,ad_181.mp4,-,-,https://www.youtube.com/watch?v=dgo176RMzTA
182,GO FURTHER – 7-ELEVEN (CLEMENGER BBDO MELBOURNE),Grand Prix,VIMEO,Not Downloaded,ad_182.mp4,-,-,https://vimeo.com/997540972
183,HAGELCHUP – HEINZ (GUT AMSTERDAM),Grand Prix,VIMEO,Not Downloaded,ad_183.mp4,-,-,https://vimeo.com/1094886512/9dcfd03177
184,HEINZ ROLLER SHUTTER – HEINZ (GOODIDEA SHANGHAI),Grand Prix,VIMEO,Not Downloaded,ad_184.mp4,-,-,https://vimeo.com/1094886574/76a7dd4cff
185,HER DOME – GOVERNMENT OF THE STATE OF SÃO PAULO (DPZ SÃO PAULO),Grand Prix,VIMEO,Not Downloaded,ad_185.mp4,-,-,https://vimeo.com/1093399045
186,HIDDEN MESSAGE – HEINEKEN (LEPUB MILAN),Grand Prix,YOUTUBE,Not Downloaded,ad_186.mp4,-,-,https://www.youtube.com/watch?v=H_8E-yZeksU
187,HONEST REVIEWS – CAMDEN STOUT (AB INBEV LEUVEN),Grand Prix,YOUTUBE,Not Downloaded,ad_187.mp4,-,-,https://www.youtube.com/watch?v=s_g90M7oeEs
188,JUSTICE BY HER TYPE – FAMILIES SURVIVING FEMINICIDES COLLECTIVE (GARNIER BBDO SAN JOSE),Grand Prix,YOUTUBE,Not Downloaded,ad_188.mp4,-,-,https://www.youtube.com/watch?v=W_-UgnjJBRc
189,KENDRICK LAMAR SUPER BOWL HALFTIME SHOW CAMPAIGN – APPLE MUSIC (APPLE CUPERTINO),Grand Prix,VIMEO,Not Downloaded,ad_189.mp4,-,-,https://vimeo.com/1094223419/2ced7b587c
190,KIA SOUNDSCAPES – KIA EUROPE (INNOCEAN BERLIN),Grand Prix,VIMEO,Not Downloaded,ad_190.mp4,-,-,https://vimeo.com/1078212592
191,LAG OR BAD – XTRIM (PARADAIS DDB GUAYAQUIL),Grand Prix,YOUTUBE,Not Downloaded,ad_191.mp4,-,-,https://www.youtube.com/watch?v=Zo2096C1HDQ
192,LETTING OUR GEN-Z STAFF WRITE THE MARKETING SCRIPT – CURRYS (FABRIC SOCIAL LONDON),Grand Prix,VIMEO,Not Downloaded,ad_192.mp4,-,-,https://vimeo.com/1094578702/cba6cf513a
193,LIVEFEARLESS – BODYFORM (AMV BBDO LONDON),Grand Prix,VIMEO,Not Downloaded,ad_193.mp4,-,-,https://vimeo.com/1093400188
194,LOEWE TIKTOK – LOEWE (IN-HOUSE),Grand Prix,VIMEO,Not Downloaded,ad_194.mp4,-,-,https://vimeo.com/1094660435
196,MAYO EXCHANGE – HELLMANN’S (EDELMAN LONDON),Grand Prix,YOUTUBE,Not Downloaded,ad_196.mp4,-,-,https://www.youtube.com/watch?v=4NpEnDNRwc0
197,MICHAEL CERAVE – CERAVE (OGILVY PR NEW YORK),Grand Prix,VIMEO,Not Downloaded,ad_197.mp4,-,-,https://vimeo.com/924148167?share=copy
198,MIRACLE – RC COLA (GIGIL MANILA),Grand Prix,YOUTUBE,Not Downloaded,ad_198.mp4,-,-,https://www.youtube.com/watch?v=u0c7pO99Ysw
200,NAME THE BIAS – PEOPLE LIKE US (NEW LAND COPENHAGEN),Grand Prix,YOUTUBE,Not Downloaded,ad_200.mp4,-,-,https://www.youtube.com/watch?v=3uTwt6FYX98
201,NOBODY SHOULD DIE AT XMAS – OPEN ARMS (DOUBLEYOU BARCELONA),Grand Prix,VIMEO,Not Downloaded,ad_201.mp4,-,-,https://vimeo.com/951451298
202,NOT WHEELS – MATTEL CREATIONS (MATTEL LOS ANGELES),Grand Prix,VIMEO,Not Downloaded,ad_202.mp4,-,-,https://vimeo.com/1094221811/1cd38059a1
203,PICK UP YOUR POOP – COLOGUARD (THE COMMUNITY MIAMI),Grand Prix,VIMEO,Not Downloaded,ad_203.mp4,-,-,https://vimeo.com/1093348412
204,PLANTLETS FOR FUTURE – NESCAFE (PUBLICIS CONSEIL PARIS),Grand Prix,YOUTUBE,Not Downloaded,ad_204.mp4,-,-,https://www.youtube.com/watch?v=qtg_sYwAj2E
205,PRADA: BEYOND THE LINE – PRADA (MCCANN PARIS),Grand Prix,YOUTUBE,Not Downloaded,ad_205.mp4,-,-,https://www.youtube.com/watch?v=rXF9wl0BCWE
206,PUBIC SERVICE ANNOUNCEMENT – KIEHL’S (MARCEL PARIS),Grand Prix,YOUTUBE,Not Downloaded,ad_206.mp4,-,-,https://www.youtube.com/watch?v=HhChMlLE2QU
208,RE-COMMERCE ATACAMA – VTEX (ARTPLAN SÃO PAULO),Grand Prix,VIMEO,Not Downloaded,ad_208.mp4,-,-,https://vimeo.com/1090194004
209,REEF PROTECTION FACTOR – STREAM2SEA (MCCANN DEMAND LONDON),Grand Prix,VIMEO,Not Downloaded,ad_209.mp4,-,-,https://vimeo.com/1083456679
210,SCHOLARSHIP IN BOOKS – UNIASSELVI (BETC HAVAS SÃO PAULO),Grand Prix,VIMEO,Not Downloaded,ad_210.mp4,-,-,https://vimeo.com/1093833192
212,SENNA’S CUT – NETFLIX (MONKS BUENOS AIRES),Grand Prix,YOUTUBE,Not Downloaded,ad_212.mp4,-,-,https://www.youtube.com/watch?v=5lDse7WCVUU
213,SEVERANCE S2’S OPENING TITLE – APPLE (APPLE CUPERTINO),Grand Prix,YOUTUBE,Not Downloaded,ad_213.mp4,-,-,https://www.youtube.com/watch?v=uKT5bwMkOAw
214,SHARE THE FIRST – DOVE (EDELMAN LONDON),Grand Prix,YOUTUBE,Not Downloaded,ad_214.mp4,-,-,https://www.youtube.com/watch?v=V68MSwIkKM0
215,SICKLE CELL BALL – NEWYORK-PRESBYTERIAN (HAVAS NEW YORK),Grand Prix,VIMEO,Not Downloaded,ad_215.mp4,-,-,https://vimeo.com/1082598227
216,SIX BACK – VICTORIA (GUT MEXICO CITY),Grand Prix,YOUTUBE,Not Downloaded,ad_216.mp4,-,-,https://www.youtube.com/watch?v=xbkAvvh64IA
217,SKIN – RAÇA MAGAZINE (LEPUB SÃO PAULO),Grand Prix,VIMEO,Not Downloaded,ad_217.mp4,-,-,https://vimeo.com/1088284685
218,SMILE 20 – GOODY’S PAIN POWDER (FCB CHICAGO),Grand Prix,VIMEO,Not Downloaded,ad_218.mp4,-,-,https://vimeo.com/1081666376
219,SOS BEES – AB INBEV (AFRICA CREATIVE DDB SÃO PAULO),Grand Prix,VIMEO,Not Downloaded,ad_219.mp4,-,-,https://vimeo.com/1095117362/9d5a6fba02
220,SPONSORED BALLS – TESTICULAR CANCER SOCIETY (FP7 MCCANN DUBAI),Grand Prix,VIMEO,Not Downloaded,ad_220.mp4,-,-,https://vimeo.com/1083510969
221,SUBMERGED –  APPLE (APPLE CUPERTINO),Grand Prix,YOUTUBE,Not Downloaded,ad_221.mp4,-,-,https://www.youtube.com/watch?v=lP8LLIjCe6Q
222,THE BOY & THE OCTOPUS – DISNEY (ADAM&EVEDDB NYC),Grand Prix,YOUTUBE,Not Downloaded,ad_222.mp4,-,-,https://www.youtube.com/watch?v=clgyncrbyDg&pp=0gcJCdgAo7VqN5tD
223,THE EVERLASTING LOGO – BOTTEGA VENETA (LEPUB MILAN),Grand Prix,YOUTUBE,Not Downloaded,ad_223.mp4,-,-,https://www.youtube.com/watch?v=ZzT1nS6DJqc
224,THE FAN REMOTE – CLARO TV+ (TALENT MARCEL SÃO PAULO),Grand Prix,YOUTUBE,Not Downloaded,ad_224.mp4,-,-,https://www.youtube.com/watch?v=3BbpfDvl6f4
225,THE FLIPPER – HEINEKEN (LEPUB MILAN),Grand Prix,VIMEO,Not Downloaded,ad_225.mp4,-,-,https://vimeo.com/1083152151
226,THE FREEDOM EDITION – SOCIETY (BETC PARIS),Grand Prix,YOUTUBE,Not Downloaded,ad_226.mp4,-,-,https://www.youtube.com/watch?v=WK6ONFfbUvI
227,THE FUTURE FAN STAGE – WAY OUT WEST (NORD DDB STOCKHOLM),Grand Prix,YOUTUBE,Not Downloaded,ad_227.mp4,-,-,https://www.youtube.com/watch?v=UkdMtj9108s
229,THE INTERRUPTED GOAL – FIAT GROUP (LEO BRAZIL),Grand Prix,VIMEO,Not Downloaded,ad_229.mp4,-,-,https://vimeo.com/1082274260
230,THE JOURNEY – AICP (O POSITIVE SANTA MONICA),Grand Prix,VIMEO,Not Downloaded,ad_230.mp4,-,-,https://vimeo.com/946347892
231,THE LAST TIMBIT – TIM HORTONS (GUT TORONTO),Grand Prix,VIMEO,Not Downloaded,ad_231.mp4,-,-,https://vimeo.com/1094221778/ad37613e9a
232,THE LUCKY SPONSOR – SCHNEIDER (MERCADO MCCANN BUENOS AIRES),Grand Prix,YOUTUBE,Not Downloaded,ad_232.mp4,-,-,https://www.youtube.com/watch?v=A6GYbemcJ5Q
233,THE MISSING PORTRAITS – PIRACANJUBA (AMPFY SÃO PAULO),Grand Prix,VIMEO,Not Downloaded,ad_233.mp4,-,-,https://vimeo.com/1077737553
234,THE REINFALL – THE NORWEGIAN POSTAL SERVICE (POL OSLO),Grand Prix,YOUTUBE,Not Downloaded,ad_234.mp4,-,-,https://www.youtube.com/watch?v=RCyAAsOn70Y
235,THE SHOEMAKER – TELSTRA (REVOLVER SYDNEY),Grand Prix,VIMEO,Not Downloaded,ad_235.mp4,-,-,https://vimeo.com/1072023846
236,THE SOUND OF DIVORCE – CALM (OGILVY ARGENTINA),Grand Prix,YOUTUBE,Not Downloaded,ad_236.mp4,-,-,https://www.youtube.com/watch?v=FVsx6MQYNRc&t=89s
237,THE UGLIEST SWEATER – ILAS (THE MAESTROS MEXICO),Grand Prix,YOUTUBE,Not Downloaded,ad_237.mp4,-,-,https://www.youtube.com/watch?v=0mfkxE8e2HI
238,"THE WORST CHILDREN’S LIBRARY – SAFESURFER, SAMSUNG (DDB GROUP AOTEAROA NZ)",Grand Prix,VIMEO,Not Downloaded,ad_238.mp4,-,-,https://vimeo.com/1093368455?turnstile=0.k_CKANFtoqxJUACIZ3AcDKcWVxqMmk3h9M5vA_zOx7kr8_c76DIlFhDI6AmC765J6hr6YFqtwQrR_TLFSw6GYCngL0jYBL4b8PU8-hbN6jVnFt7dVQPh4cLnLE5BFB0C_x_mOfgkrrWeFo8ehBejLYxyugZWmpVX985S4LfhcuysJp2J2mv14ZnnTlILCZmVXgIVEjccFOVI1LtuqlxUbNgMAqZ6yhAtmngQWGYHe3fwyA_MH9SM6cAc5wapM4fQRTqKKYkhslVhPsidb78PXBzSnUbXvsBlV2VxiBkwOY6BklVW_oYvW35uT6L5bf15nZSXPrllykwN7mAVE_1pTpwY-7vW17Qcnd8yd2SNHo5xrLXyd_0hByfRFMDxJ88VQqN1l3b9Rj7G2vDS6dDdm2DLPGSfrhF9EqzB1gxtV889ZgY8QxvTrSzTYYGq79AD-8XIWzpkUlfbRDiqPlDvgv1N43Uv4-mrP3qEHlE8-adGKH0YhJpSz-Ot9q1I-10oJrBmO6nucofdMj_Xz_Te9vi3tI_fYL39nbp1I20DvvgjC2eCK3h_0xUg_d8MiZB-FPlus96TiXU0V2oJMrhpsvt8TfcuUle_1z_f2e01Oj908OWZOO0Ck_SaleiIut_FJ6uRycbKV0bIKKzXeAntxHceD-6ZN5qDzWY0XHGXZ9aEF-9-CQYH4xOooBKZNnhJgJNJPaJOGzD6BM1xgTqA6GKJTqga4dVNYR1EGvbzzA3iGrTD7C6OnMSjpBeVAGSV6keJygtA4CA_02ZKS44qyh1YaSkF2WjglqVBmd2y6hX4xOvaUnhtwcD9zJBksrzAJeD46629B4HYgErtQ8vnjC-619TxC6Fysv3H2OOWGDkcVNMJN1RmMb-PZNEdEprq.GYTVh8PkuYIlOE4nlbdhAw.7351e88d473c8dbda869a598fa70e11b3812b9b20044061efbd622388df16cfc
239,THIS IS NOT A GAME – MOVISTAR (VML MEXICO CITY),Grand Prix,YOUTUBE,Not Downloaded,ad_239.mp4,-,-,https://www.youtube.com/watch?v=qKqi8uMMr6c
240,TIMEOUT AGAINST HATE – FOUNDATION TO COMBAT ANTISEMITISM (MINDSHARE & VML NEW YORK),Grand Prix,VIMEO,Not Downloaded,ad_240.mp4,-,-,https://vimeo.com/1083894799
241,TOGETHER IS FOR CHRISTMAS – TELSTRA (BEAR MEETS EAGLE ON FIRE SYDNEY),Grand Prix,VIMEO,Not Downloaded,ad_241.mp4,-,-,https://vimeo.com/1027541097
242,TRASH TALK CODES – BRAHMA (AFRICA CREATIVE DDB SÃO PAULO),Grand Prix,VIMEO,Not Downloaded,ad_242.mp4,-,-,https://vimeo.com/1090489924
244,UNDELETED – DOVE (VML BUENOS AIRES),Grand Prix,YOUTUBE,Not Downloaded,ad_244.mp4,-,-,https://www.youtube.com/watch?v=2V3ZDb5kow0
248,WINIS FONT – WINIS (THE KLASS COMPANY TEPOTZOTLAN),Grand Prix,YOUTUBE,Not Downloaded,ad_248.mp4,-,-,https://www.youtube.com/watch?v=nSdGQxDXGSs
249,WORKWEAR FOR KIDS – SOS CHILDREN’S VILLAGES (NORD DDB STOCKHOLM),Grand Prix,VIMEO,Not Downloaded,ad_249.mp4,-,-,https://vimeo.com/1094221760/e918788639
